task_id,policy,bundle_status,final_success,final_pass_rate,checkpoint_count,dependency_count,resolved_dependencies,ADPR,DRS_normalized_penalized,SCS_normalized_penalized,RC_normalized,total_tokens,runtime_seconds,manager_intervention_events,manager_interventions_accepted,manager_scope_rejections,directory
pr-hard:apache-tvm-20018,async-manager-online-v2-budgeted,valid,False,0.9656050955414013,7,2,0,0.0,1.0,1.0,0.0,35773737,11237.2,6,0,0,/home/kzhang42/AsyncCodeBench-async-manager-v1/reproductions/async-swe-agents/outputs/pr_hard/v0.4/qwen38-27b/apache-tvm-20018/async_manager/q38_27b_async_manager_v2_6b5a2fe_s1_v01_recovered
pr-hard:apache-tvm-20073,async-manager-online-v2-budgeted,valid,False,0.8214285714285714,6,2,0,0.0,1.0,1.0,0.0,23818294,25721.9,5,0,0,/home/kzhang42/AsyncCodeBench-async-manager-v1/reproductions/async-swe-agents/outputs/pr_hard/v0.4/qwen38-27b/apache-tvm-20073/async_manager/q38_27b_async_manager_v2_6b5a2fe_s1_v01_recovered
pr-hard:apache-tvm-20107,async-manager-online-v2-budgeted,valid,False,0.9920477137176938,6,2,0,0.0,1.0,1.0,0.0,26792366,19627.5,5,0,0,/home/kzhang42/AsyncCodeBench-async-manager-v1/reproductions/async-swe-agents/outputs/pr_hard/v0.4/qwen38-27b/apache-tvm-20107/async_manager/q38_27b_async_manager_v2_6b5a2fe_s1_v01_recovered
pr-hard:apache-tvm-20153,async-manager-online-v2-budgeted,valid,False,0.49019607843137253,6,2,0,0.0,1.0,1.0,0.0,29014259,23296.5,5,0,0,/home/kzhang42/AsyncCodeBench-async-manager-v1/reproductions/async-swe-agents/outputs/pr_hard/v0.4/qwen38-27b/apache-tvm-20153/async_manager/q38_27b_async_manager_v2_6b5a2fe_s1_v01_recovered
asyncodebench:cachetools,async-manager-online-v2-budgeted,valid,True,1.0,6,5,5,1.0,0.2571428571428571,0.2571428571428571,0.0,4209340,10165.3,3,2,0,/home/kzhang42/AsyncCodeBench-async-manager-v1/reproductions/async-swe-agents/outputs/asyncodebench/v0.3/qwen38-27b/cachetools/async_manager/q38_27b_async_manager_v2_6b5a2fe_s1_v01
asyncodebench:cookiecutter,async-manager-online-v2-budgeted,valid,True,0.9658536585365853,5,3,3,1.0,0.6666666666666666,0.6666666666666666,0.0,12807460,17137.2,4,0,0,/home/kzhang42/AsyncCodeBench-async-manager-v1/reproductions/async-swe-agents/outputs/asyncodebench/v0.3/qwen38-27b/cookiecutter/async_manager/q38_27b_async_manager_v2_d41e55c_s1_v01
asyncodebench:deprecated,async-manager-online-v1,valid,True,1.0,4,3,3,1.0,0.6,0.6,0.0,6416489,11240.7,2,1,0,/home/kzhang42/AsyncCodeBench/reproductions/async-swe-agents/outputs/asyncodebench/v0.3/qwen38-27b/deprecated/async_manager/q38_27b_async_manager_25152ad_s1_v01_recovered
asyncodebench:filesystem_spec,async-manager-online-v2-budgeted,valid,False,0.6357142857142857,5,2,1,0.5,0.6666666666666666,0.6666666666666666,0.0,12830695,17436.8,3,1,0,/home/kzhang42/AsyncCodeBench-async-manager-v1/reproductions/async-swe-agents/outputs/asyncodebench/v0.3/qwen38-27b/filesystem_spec/async_manager/q38_27b_async_manager_v2_6b5a2fe_s1_v01
asyncodebench:flask,async-manager-online-v2-budgeted,valid,False,0.22950819672131148,5,3,0,0.0,1.0,1.0,0.0,15149462,9135.9,4,0,0,/home/kzhang42/AsyncCodeBench-async-manager-v1/reproductions/async-swe-agents/outputs/asyncodebench/v0.3/qwen38-27b/flask/async_manager/q38_27b_async_manager_v2_6b5a2fe_s1_v01_recovered
asyncodebench:graphene,async-manager-online-v2-budgeted,valid,False,0.35,4,3,0,0.0,1.0,1.0,0.0,10326715,20422.6,3,0,0,/home/kzhang42/AsyncCodeBench-async-manager-v1/reproductions/async-swe-agents/outputs/asyncodebench/v0.3/qwen38-27b/graphene/async_manager/q38_27b_async_manager_v2_6b5a2fe_s1_v01_recovered
asyncodebench:imapclient,async-manager-online-v2-budgeted,valid,False,0.9956331877729258,4,3,3,1.0,0.6,0.6,0.0,7888462,9123.3,3,0,0,/home/kzhang42/AsyncCodeBench-async-manager-v1/reproductions/async-swe-agents/outputs/asyncodebench/v0.3/qwen38-27b/imapclient/async_manager/q38_27b_async_manager_v2_6b5a2fe_s1_v01_recovered
asyncodebench:marshmallow,async-manager-online-v2-budgeted,valid,False,0.0,4,3,0,0.0,1.0,1.0,0.0,15852728,11977.8,3,0,0,/home/kzhang42/AsyncCodeBench-async-manager-v1/reproductions/async-swe-agents/outputs/asyncodebench/v0.3/qwen38-27b/marshmallow/async_manager/q38_27b_async_manager_v2_6b5a2fe_s1_v01_recovered
asyncodebench:parsel,async-manager-online-v1,valid,True,0.9903846153846154,4,2,2,1.0,0.6,0.6,0.0,10512469,9494.7,3,0,0,/home/kzhang42/AsyncCodeBench/reproductions/async-swe-agents/outputs/asyncodebench/v0.3/qwen38-27b/parsel/async_manager/q38_27b_async_manager_25152ad_s1_v01_recovered
asyncodebench:pexpect,async-manager-online-v2-budgeted,valid,False,0.16883116883116883,8,3,0,0.0,1.0,1.0,0.0,14787229,17497.8,5,2,0,/home/kzhang42/AsyncCodeBench-async-manager-v1/reproductions/async-swe-agents/outputs/asyncodebench/v0.3/qwen38-27b/pexpect/async_manager/q38_27b_async_manager_v2_6b5a2fe_s1_v01_recovered
asyncodebench:portalocker,async-manager-online-v2-budgeted,valid,False,0.975,3,3,2,0.6666666666666666,0.6666666666666666,0.6666666666666666,0.0,4891379,8917.8,2,0,0,/home/kzhang42/AsyncCodeBench-async-manager-v1/reproductions/async-swe-agents/outputs/asyncodebench/v0.3/qwen38-27b/portalocker/async_manager/q38_27b_async_manager_v2_d41e55c_s1_v01
asyncodebench:python-rsa,async-manager-online-v2-budgeted,valid,True,1.0,5,3,3,1.0,0.6666666666666666,0.6666666666666666,0.0,11986331,13332.8,4,0,0,/home/kzhang42/AsyncCodeBench-async-manager-v1/reproductions/async-swe-agents/outputs/asyncodebench/v0.3/qwen38-27b/python-rsa/async_manager/q38_27b_async_manager_v2_6b5a2fe_s1_v01_recovered
asyncodebench:requests,async-manager-online-v2-budgeted,valid,True,0.9465020576131687,5,3,3,1.0,0.5555555555555556,0.5555555555555556,0.0,12214645,9268.3,3,1,0,/home/kzhang42/AsyncCodeBench-async-manager-v1/reproductions/async-swe-agents/outputs/asyncodebench/v0.3/qwen38-27b/requests/async_manager/q38_27b_async_manager_v2_6b5a2fe_s1_v01_recovered
asyncodebench:simpy,async-manager-online-v1,valid,True,0.9266666666666666,6,3,3,1.0,0.7142857142857143,0.7142857142857143,0.0,11879410,8254.8,4,1,0,/home/kzhang42/AsyncCodeBench/reproductions/async-swe-agents/outputs/asyncodebench/v0.3/qwen38-27b/simpy/async_manager/q38_27b_async_manager_25152ad_s1_v01_recovered
asyncodebench:tinydb,async-manager-online-v1,valid,True,0.9950248756218906,5,3,3,1.0,0.3333333333333333,0.3333333333333333,0.0,9357098,20328.1,3,1,0,/home/kzhang42/AsyncCodeBench/reproductions/async-swe-agents/outputs/asyncodebench/v0.3/qwen38-27b/tinydb/async_manager/q38_27b_async_manager_25152ad_s1_v01_recovered
asyncodebench:wcwidth,async-manager-online-v2-budgeted,valid,True,0.9487179487179487,5,2,2,1.0,0.3333333333333333,0.3333333333333333,0.0,7658186,9768.9,3,1,0,/home/kzhang42/AsyncCodeBench-async-manager-v1/reproductions/async-swe-agents/outputs/asyncodebench/v0.3/qwen38-27b/wcwidth/async_manager/q38_27b_async_manager_v2_6b5a2fe_s1_v01
