task,dependency_index,dependency_id,type_code,dependency_type,producer_subproblem,consumer_subproblem,producer_agent,consumer_agent,contract_summary,upstream_probe_count,downstream_probe_count,integrated_probe_count,classification_audit_note,source_metrics
cachetools,1,cachetools.keys_to_func.untyped_key_contract,IF,interface_dependency,key_construction,decorator_factories,key_agent,decorator_agent,"Function decorators with typed=False must use the untyped key behavior from hashkey: equal values of different numeric types share the same cache key, positional and keyword arguments are represented stably, and keys remain hashable.",1,12,7,,manifests/pilot/v0.3/metrics/commit0_cachetools_async_metrics.json
cachetools,2,cachetools.keys_to_func.typed_key_contract,IF,interface_dependency,key_construction,decorator_factories,key_agent,decorator_agent,"Function decorators with typed=True must select typedkey semantics from keys.py, so equal values of different types are cached separately while preserving the same cache metadata API.",1,6,7,,manifests/pilot/v0.3/metrics/commit0_cachetools_async_metrics.json
cachetools,3,cachetools.keys_to_cachedmethod.typed_method_key_contract,IF,interface_dependency,key_construction,key_integration_validation,key_agent,integrator,typedmethodkey must ignore self while preserving typed argument distinction for cachedmethod users.,1,2,3,,manifests/pilot/v0.3/metrics/commit0_cachetools_async_metrics.json
cachetools,4,cachetools.core_to_func.wrapper_metadata_contract,API,shared_api_contract,core_cache_api,decorator_factories,integrator,decorator_agent,"Decorator factories must expose the same cache wrapper metadata contract as cached(): cache_info(), cache_clear(), cache_parameters(), cache attribute, cache_key, and lock behavior where applicable.",4,12,6,,manifests/pilot/v0.3/metrics/commit0_cachetools_async_metrics.json
cachetools,5,cachetools.core_to_func.maxsize_and_lock_contract,API,shared_api_contract,core_cache_api,decorator_factories,integrator,decorator_agent,"Decorator factories must preserve cache-class edge cases and wrapper lock semantics: maxsize=0 disables storage, maxsize=None gives an unbounded cache, and recursive equality requires an RLock-compatible wrapper path.",2,18,15,,manifests/pilot/v0.3/metrics/commit0_cachetools_async_metrics.json
deprecated,1,deprecated.classic_to_sphinx.warning_message_contract,IF,interface_dependency,classic_warning_core,sphinx_directive_layer,classic_agent,sphinx_agent,"SphinxAdapter must consume ClassicAdapter's configured and bare decorator behavior, warning category/action handling, reason/version fields, and warning-message construction while adding Sphinx-specific directive behavior.",4,4,7,,manifests/pilot/v0.3/metrics/commit0_deprecated_async_metrics.json
deprecated,2,deprecated.classic_to_sphinx.class_identity_contract,INT,integration_contract,classic_warning_core,sphinx_directive_layer,classic_agent,sphinx_agent,"Classic class decorator and metaclass behavior must remain compatible with Sphinx class decorators so class identity, isinstance behavior, and construction semantics are preserved.",2,3,4,,manifests/pilot/v0.3/metrics/commit0_deprecated_async_metrics.json
deprecated,3,deprecated.sphinx_to_integration.docstring_reference_contract,INT,integration_contract,sphinx_directive_layer,integration_validation,sphinx_agent,integrator,Sphinx directive factories must append wrapped directives to function and class docstrings and strip Sphinx cross-reference syntax from emitted warning text while preserving the public package API.,2,2,4,,manifests/pilot/v0.3/metrics/commit0_deprecated_async_metrics.json
portalocker,1,portalocker.backend_to_utilities.exception_timeout_contract,IF,interface_dependency,platform_lock_backend,file_lock_utilities,backend_agent,utilities_agent,"Lock and RLock timeout, fail_when_locked, acquire/release, and retry behavior must consume the platform backend's AlreadyLocked and LockException translation consistently.",3,4,5,,manifests/pilot/v0.3/metrics/commit0_portalocker_async_metrics.json
portalocker,2,portalocker.backend_to_utilities.flags_fileno_contract,API,shared_api_contract,platform_lock_backend,file_lock_utilities,backend_agent,utilities_agent,Utility locks must use shared/exclusive/non-blocking flags and file-object or fileno backend acceptance consistently across direct backend calls and Lock/RLock wrappers.,3,3,5,,manifests/pilot/v0.3/metrics/commit0_portalocker_async_metrics.json
portalocker,3,portalocker.utilities_to_integration.lifecycle_contract,INT,integration_contract,file_lock_utilities,integration_validation,utilities_agent,integrator,"Temporary-file locks, combined-module use, and bounded semaphores must preserve lock lifecycle, filename selection, cleanup, and acquire/release semantics across the backend and utility artifacts.",2,3,5,,manifests/pilot/v0.3/metrics/commit0_portalocker_async_metrics.json
tinydb,1,tinydb.query_to_table.search_cache_contract,IF,interface_dependency,query_contract_layer,database_state_stack,query_agent,state_agent,"Table search and TinyDB search must consume Query equality/hash behavior, frozen query values, and LRUCache semantics consistently for query caching and repeated lookup.",4,3,5,,manifests/pilot/v0.3/metrics/commit0_tinydb_async_metrics.json
tinydb,2,tinydb.operations_to_table.update_transform_contract,API,shared_api_contract,query_contract_layer,database_state_stack,query_agent,state_agent,"Table and TinyDB update paths must consume operation transform functions such as set, delete, increment, and decrement with the same mutation and return-value semantics.",3,3,5,,manifests/pilot/v0.3/metrics/commit0_tinydb_async_metrics.json
tinydb,3,tinydb.state_stack.shared_mapping_contract,STATE,shared_state_contract,database_state_stack,integration_validation,state_agent,integrator,"Storage, Table, TinyDB, and CachingMiddleware must agree on the complete database mapping, table names, document IDs, read/write lifecycle, and cache flush behavior.",3,4,6,,manifests/pilot/v0.3/metrics/commit0_tinydb_async_metrics.json
wcwidth,1,wcwidth.unicode_versions_to_width.version_matching_contract,IF,interface_dependency,unicode_version_catalog,width_algorithm,version_agent,width_agent,"The width algorithm must consume list_versions() as an ascending catalog of supported Unicode version strings and implement exact, nearest, low, high, latest, and invalid-version matching against that catalog.",2,3,6,,manifests/pilot/v0.3/metrics/commit0_wcwidth_async_metrics.json
wcwidth,2,wcwidth.width_to_integration.public_width_contract,INT,integration_contract,width_algorithm,integration_validation,width_agent,integrator,"The completed width algorithm must preserve public wcwidth() and wcswidth() behavior for empty strings, C0 controls, combining characters, East-Asian wide characters, emoji ZWJ sequences, VS-16 presentation, and table integrity.",3,5,7,,manifests/pilot/v0.3/metrics/commit0_wcwidth_async_metrics.json
requests,1,requests.prep_to_transport.prepared_request_contract,IF,interface_dependency,request_preparation_core,session_transport_layer,prep_agent,transport_agent,"PreparedRequest, Response, hooks, cookies, auth, and body/header utilities must be stable for Session and HTTPAdapter consumers.",3,1,3,,manifests/pilot/v0.3/metrics/commit0_requests_async_metrics.json
requests,2,requests.utils_to_adapters.proxy_tls_url_contract,API,shared_api_contract,request_preparation_core,session_transport_layer,prep_agent,transport_agent,"Proxy selection, URL normalization, auth extraction, and TLS path helpers must match adapter and session expectations.",3,1,3,,manifests/pilot/v0.3/metrics/commit0_requests_async_metrics.json
requests,3,requests.foundation_to_public_api.package_contract,IF,interface_dependency,request_preparation_core,integration_validation,prep_agent,integration_agent,"Foundation structures, status codes, utilities, and compatibility exports must support package import and vendored dependency checks.",2,3,3,,manifests/pilot/v0.3/metrics/commit0_requests_async_metrics.json
simpy,1,simpy.environment_to_events.scheduling_contract,IF,interface_dependency,environment_core,event_lifecycle,environment_agent,event_agent,"Environment.run/step/peek/timeout/process must provide correct now, scheduling, callback, and exception behavior for Event, Process, Timeout, and Condition consumers.",2,3,4,,manifests/pilot/v0.3/metrics/commit0_simpy_async_metrics.json
simpy,2,simpy.events_to_resources.request_trigger_contract,API,shared_api_contract,event_lifecycle,resource_layer,event_agent,resource_agent,"Resource requests, releases, stores, containers, and priority/preemptive queues must consume event triggered/processed state, callbacks, and process resumption consistently.",2,3,4,"Frozen as API. Because the contract explicitly covers triggered/processed state, callbacks, and process resumption across time, STATE may be the cleaner label under the lifecycle rule.",manifests/pilot/v0.3/metrics/commit0_simpy_async_metrics.json
simpy,3,simpy.environment_to_realtime_util.run_timeout_contract,IF,interface_dependency,environment_core,realtime_and_utilities,environment_agent,realtime_util_agent,"RealtimeEnvironment and utility helpers depend on Environment.run(), timeout, process, and negative-delay semantics.",2,2,3,,manifests/pilot/v0.3/metrics/commit0_simpy_async_metrics.json
parsel,1,parsel.css_to_selector.pseudo_element_contract,IF,interface_dependency,css_translation_layer,selector_query_core,css_agent,selector_agent,"CSS translator output for ::text, ::attr(), unknown pseudo-elements, and css2xpath must be consumed correctly by Selector.css().",5,2,4,,manifests/pilot/v0.3/metrics/commit0_parsel_async_metrics.json
parsel,2,parsel.xpath_utils_to_selector.regex_has_class_contract,API,shared_api_contract,utility_xpath_support,selector_query_core,utility_xpath_agent,selector_agent,"Utility flatten/extract_regex/shorten behavior and XPath has-class registration must support selector regex extraction, repr, and XPath queries.",3,2,4,,manifests/pilot/v0.3/metrics/commit0_parsel_async_metrics.json
filesystem_spec,1,filesystem_spec.registry_to_core.protocol_resolution_contract,IF,interface_dependency,registry_protocol_layer,core_open_path_layer,registry_agent,core_agent,"Protocol registry lookup, deferred implementation import, and filesystem instantiation must be stable for url_to_fs, open_files, and core list/open behavior.",3,2,3,,manifests/pilot/v0.3/metrics/commit0_filesystem_spec_async_metrics.json
filesystem_spec,2,filesystem_spec.utils_to_core.path_compression_contract,API,shared_api_contract,utility_compression_layer,core_open_path_layer,utility_agent,core_agent,"URL/protocol parsing, path expansion helpers, read-block utilities, and compression registration must support core OpenFile/OpenFiles behavior.",3,2,4,,manifests/pilot/v0.3/metrics/commit0_filesystem_spec_async_metrics.json
filesystem_spec,3,filesystem_spec.backends_to_core.open_contract,API,shared_api_contract,filesystem_backend_layer,core_open_path_layer,backend_agent,core_agent,"AbstractFileSystem and the local, memory, and cache backends must provide the open, info, glob, parent, cache mapping, and local-file behavior consumed by core OpenFile/open_local paths.",3,2,4,,manifests/pilot/v0.3/metrics/commit0_filesystem_spec_async_metrics.json
marshmallow,1,marshmallow.fields_to_schema.validation_contract,API,shared_api_contract,field_validation_layer,schema_processing_layer,field_agent,schema_agent,"Field deserialize/serialize, validator, missing/default/null, and utility conversion contracts must be stable for Schema.load, Schema.dump, and Schema.validate.",3,2,4,,manifests/pilot/v0.3/metrics/commit0_marshmallow_async_metrics.json
marshmallow,2,marshmallow.registry_to_nested.schema_resolution_contract,IF,interface_dependency,registry_declaration_layer,field_validation_layer,registry_agent,field_agent,"Ordered declarations, schema registration, declared-field collection, Meta options, and class-name lookup must support Nested fields, self references, and only/exclude propagation.",2,2,4,,manifests/pilot/v0.3/metrics/commit0_marshmallow_async_metrics.json
marshmallow,3,marshmallow.decorators_to_schema.hook_error_contract,STATE,shared_state_contract,schema_processing_layer,field_validation_layer,schema_agent,field_agent,"Decorator hook metadata, schema hook invocation, ValidationError normalization, and ErrorStore merge semantics must agree with field and schema validation error contracts.",3,2,5,,manifests/pilot/v0.3/metrics/commit0_marshmallow_async_metrics.json
graphene,1,graphene.mounting_to_object.fields_contract,API,shared_api_contract,type_mounting_layer,object_input_metadata_layer,mounting_agent,metadata_agent,"Unmounted scalar/type mounting into Field, InputField, Argument, and ordered field structures must be stable before object/input metadata is assembled.",2,2,4,,manifests/pilot/v0.3/metrics/commit0_graphene_async_metrics.json
graphene,2,graphene.object_metadata_to_schema.typemap_contract,IF,interface_dependency,object_input_metadata_layer,schema_typemap_layer,metadata_agent,schema_agent,"Object, input object, interface, union, enum, field, and argument metadata must be converted consistently into GraphQL-core TypeMap and Schema objects.",2,2,5,,manifests/pilot/v0.3/metrics/commit0_graphene_async_metrics.json
graphene,3,graphene.scalars_to_schema.coercion_execution_contract,API,shared_api_contract,type_mounting_layer,schema_typemap_layer,mounting_agent,schema_agent,"Scalar get_type, serialize, and coercion contracts must agree with schema/type-map conversion and GraphQL execution-facing definitions.",3,2,5,,manifests/pilot/v0.3/metrics/commit0_graphene_async_metrics.json
imapclient,1,imapclient.lexer_to_parser.token_literal_contract,API,shared_api_contract,utility_lexer_layer,response_parser_layer,utility_lexer_agent,parser_agent,"Lexer tokenization, literal handling, and IMAP protocol assertion contracts must be stable before parser tuple and typed-object parsing can be correct.",2,2,4,"Frozen as API. The parser directly consumes lexer tokens and literal semantics; if no second layer must reproduce the same public behavior, this is more naturally IF.",manifests/pilot/v0.3/metrics/commit0_imapclient_async_metrics.json
imapclient,2,imapclient.parser_to_client.typed_response_contract,IF,interface_dependency,response_parser_layer,client_command_layer,parser_agent,client_agent,"High-level IMAPClient search/fetch/status/store behavior must consume SearchIds, fetch dictionaries, UID keys, and typed response objects from the parser consistently.",2,2,4,,manifests/pilot/v0.3/metrics/commit0_imapclient_async_metrics.json
imapclient,3,imapclient.utility_to_client.command_normalization_contract,STATE,shared_state_contract,utility_lexer_layer,client_command_layer,utility_lexer_agent,client_agent,"Client command construction consumes date formatting, IMAP UTF-7 folder encoding, fixed-offset datetime behavior, and bytes/text helper contracts.",2,2,4,"Frozen as STATE. The registered probes exercise one-shot date/UTF-7 normalization, not a read-write-invalidate-reread lifecycle; IF is more natural unless additional persistent-state evidence is documented.",manifests/pilot/v0.3/metrics/commit0_imapclient_async_metrics.json
pexpect,1,pexpect.expect_to_spawn.match_state_contract,IF,interface_dependency,expect_search_layer,spawn_api_state_layer,expect_agent,spawn_agent,"Expecter and searcher matching semantics must be stable for SpawnBase.expect, expect_exact, before/after/match, buffer, and searchwindowsize behavior.",2,2,3,,manifests/pilot/v0.3/metrics/commit0_pexpect_async_metrics.json
pexpect,2,pexpect.transport_to_spawn.read_timeout_contract,API,shared_api_contract,transport_layer,spawn_api_state_layer,transport_agent,spawn_agent,"Process utilities plus pty and popen transports must present command parsing, executable lookup, interrupt-safe polling, read_nonblocking, EOF, TIMEOUT, bytes/text, and CRLF behavior that SpawnBase and Expecter consume consistently.",2,2,4,,manifests/pilot/v0.3/metrics/commit0_pexpect_async_metrics.json
pexpect,3,pexpect.spawn_to_wrappers.run_async_contract,STATE,shared_state_contract,spawn_api_state_layer,wrapper_layer,spawn_agent,wrapper_agent,"run, replwrap, and async wrappers must consume SpawnBase expect/read behavior, EOF/TIMEOUT handling, callback events, and transport output normalization consistently.",2,2,4,,manifests/pilot/v0.3/metrics/commit0_pexpect_async_metrics.json
flask,1,flask.scaffold_to_dispatch.route_context_contract,IF,interface_dependency,scaffold_app_layer,dispatch_context_layer,scaffold_agent,dispatch_agent,"Scaffold and sansio App route registration, endpoint naming, URL map, and callback registries must be stable for Flask request dispatch and URL generation.",2,2,3,,manifests/pilot/v0.3/metrics/commit0_flask_async_metrics.json
flask,2,flask.session_json_to_context.cookie_response_contract,STATE,shared_state_contract,session_json_layer,dispatch_context_layer,session_json_agent,dispatch_agent,"SessionInterface, SecureCookieSession, TaggedJSONSerializer, and JSONProvider response behavior must be stable for request context open/save and response conversion.",2,2,3,,manifests/pilot/v0.3/metrics/commit0_flask_async_metrics.json
flask,3,flask.context_to_template_testing.client_context_contract,INT,integration_contract,dispatch_context_layer,templating_testing_layer,dispatch_agent,template_testing_agent,"Templating and test client helpers must consume current_app/request/session context, JSON dumps, and response/session behavior consistently.",2,2,3,,manifests/pilot/v0.3/metrics/commit0_flask_async_metrics.json
python-rsa,1,python_rsa.arithmetic_to_key_generation.inverse_prime_contract,IF,interface_dependency,arithmetic_and_codec_core,key_generation_and_model,arithmetic_agent,key_agent,"Key generation must consume modular inverse, primality, prime selection, byte-size, and integer codec behavior with the same return types and exception semantics.",3,3,4,,manifests/pilot/v0.3/metrics/commit0_python_rsa_async_metrics.json
python-rsa,2,python_rsa.key_to_serialization.pem_der_contract,INT,integration_contract,key_generation_and_model,serialization_contracts,key_agent,serialization_agent,"DER/PEM load-save functions must preserve the PublicKey and PrivateKey field layout, CRT exponent/coefficient recalculation, equality semantics, and byte return types.",2,3,4,,manifests/pilot/v0.3/metrics/commit0_python_rsa_async_metrics.json
python-rsa,3,python_rsa.codec_key_to_pkcs1.crypto_api_contract,API,shared_api_contract,arithmetic_and_codec_core,pkcs1_crypto_api,arithmetic_agent,pkcs1_agent,"PKCS#1 encrypt/decrypt and sign/verify must consume byte-size, int2bytes/bytes2int, raw encrypt/decrypt, and key-generation behavior consistently.",3,3,5,,manifests/pilot/v0.3/metrics/commit0_python_rsa_async_metrics.json
cookiecutter,1,cookiecutter.config_prompt_to_main.context_contract,STATE,shared_state_contract,config_prompt_layer,orchestration_layer,config_prompt_agent,orchestration_agent,"Configuration, replay, and prompt code must provide stable context shape, default merging, no_input, choices, and extra_context behavior consumed by the top-level workflow.",3,2,4,,manifests/pilot/v0.3/metrics/commit0_cookiecutter_async_metrics.json
cookiecutter,2,cookiecutter.source_to_main.repo_dir_contract,IF,interface_dependency,repository_source_layer,orchestration_layer,source_agent,orchestration_agent,"Repository, VCS, and zipfile source resolution must return stable repo_dir, cleanup, URL/archive classification, and cache reuse semantics consumed by cookiecutter().",4,2,5,,manifests/pilot/v0.3/metrics/commit0_cookiecutter_async_metrics.json
cookiecutter,3,cookiecutter.generate_hooks_to_main.project_contract,INT,integration_contract,generation_hook_layer,orchestration_layer,generation_agent,orchestration_agent,"Generation and hooks must provide stable project directory creation, overwrite/skip behavior, hook execution, failure cleanup, and undefined-variable semantics consumed by the workflow.",4,2,5,,manifests/pilot/v0.3/metrics/commit0_cookiecutter_async_metrics.json
apache-tvm-20018,1,return-ir-to-script-surface,IF,interface_dependency,return_ir_core,return_script_surface,return_core_agent,return_script_agent,"TVMScript construction, parsing, and rendering consume the first-class Return node, its value field, FFI constructor, visitor dispatch, and structural semantics.",3,2,2,,manifests/candidates/pr_hard_v0.4/metrics/apache_tvm_20018_async_metrics.json
apache-tvm-20018,2,script-return-to-lowering-codegen,INT,integration_contract,return_script_surface,return_lowering_codegen_integration,return_script_agent,return_backend_agent,"Return statements emitted and round-tripped by TVMScript must be accepted by legality and host/device transforms, migrated away from the legacy intrinsic contract, and emitted as valid C/LLVM terminators.",2,3,3,,manifests/candidates/pr_hard_v0.4/metrics/apache_tvm_20018_async_metrics.json
apache-tvm-20073,1,irbuilder-state-to-parser-propagation,STATE,shared_state_contract,irbuilder_active_span_state,parser_and_evaluator_span_propagation,irbuilder_agent,propagation_agent,"IRBuilder maintains normalized scoped source-span state and exposes annotation operations consumed by parser, evaluator, and TIRx emission paths.",1,3,4,,manifests/candidates/pr_hard_v0.4/metrics/apache_tvm_20073_async_metrics.json
apache-tvm-20073,2,source-mapping-to-parser-propagation,IF,interface_dependency,source_coordinate_mapping,parser_and_evaluator_span_propagation,source_mapping_agent,propagation_agent,Source maps Python AST coordinates and source offsets into TVM spans that the parser and evaluator consume while constructing IR.,1,2,4,,manifests/candidates/pr_hard_v0.4/metrics/apache_tvm_20073_async_metrics.json
apache-tvm-20107,1,shared-core-to-relax-signature,API,shared_api_contract,shared_script_signature_core,relax_dependent_signature,script_core_agent,relax_agent,The generic Script AST and document model preserve ordered function type parameters that Relax consumes as dependent symbolic-variable signature metadata.,1,1,1,,manifests/candidates/pr_hard_v0.4/metrics/apache_tvm_20107_async_metrics.json
apache-tvm-20107,2,shared-core-to-tirx-signature,API,shared_api_contract,shared_script_signature_core,tirx_dependent_signature,script_core_agent,tirx_agent,The generic Script AST and document model preserve ordered function type parameters that TIRx consumes as dependent symbolic-variable signature metadata.,1,1,1,,manifests/candidates/pr_hard_v0.4/metrics/apache_tvm_20107_async_metrics.json
apache-tvm-20153,1,dialect-schema-to-lowering,API,shared_api_contract,ptx_dialect_schema,ptx_operand_lowering,dialect_agent,lowering_agent,"The public ptx.addr expression and table-declared offset-capable address slots provide the operand metadata consumed by lowering, while unsupported address classes remain rejected.",2,2,1,,manifests/candidates/pr_hard_v0.4/metrics/apache_tvm_20153_async_metrics.json
apache-tvm-20153,2,operand-lowering-to-rendering,INT,integration_contract,ptx_operand_lowering,ptx_rendering,lowering_agent,render_agent,Lowering passes normalized signed int32 byte offsets and logical address-slot identities that rendering consumes for unique helper names and in-bracket PTX displacement syntax.,2,1,2,,manifests/candidates/pr_hard_v0.4/metrics/apache_tvm_20153_async_metrics.json
