model,protocol,successful_tasks,task_count,success_rate,mean_test_pass_rate,mean_ADPR,mean_unresolved_dependencies,penalized_DRS,penalized_CAIL,mean_DRE,FSAR,IFR,SVR,MRR,mean_tokens,mean_runtime_seconds,serving,harness_revision,execution_profile
DeepSeek V4 Flash,single,16,16,1.000,0.990,1.000,0.000,1.000,0.000,,,,,,1685000,909.5,hosted API,ddebb7d,asyncodebench-v0.3-standard-100
DeepSeek V4 Flash,serial_specialists,10,16,0.625,0.750,0.698,0.875,6.121,2.590,,,,,,3696000,2286.6,hosted API,ddebb7d,asyncodebench-v0.3-standard-100
DeepSeek V4 Flash,async_private,8,16,0.500,0.748,0.698,0.875,7.131,5.037,,,,,,4004000,1246.6,hosted API,ddebb7d,asyncodebench-v0.3-standard-100
DeepSeek V4 Flash,caid_manager,13,16,0.813,0.922,0.885,0.250,7.292,2.669,,,,,,6452000,2034.0,hosted API,ddebb7d,asyncodebench-v0.3-standard-100
Qwen3.6-27B,single,6,16,0.375,0.597501,0.500,1.375,1.500,0.875,0.5000,0.000,0.000,,,4701683,4036.9,local vLLM,mixed,asyncodebench-v0.3-standard-100
Qwen3.6-27B,serial_specialists,4,16,0.250,0.574516,0.510,1.375,6.579,4.131,0.2205,0.052,0.750,0.115,0.852,7615474,7990.0,local vLLM,mixed,asyncodebench-v0.3-standard-100
Qwen3.6-27B,async_private,2,16,0.125,0.446212,0.208,2.250,9.850,5.756,0.1363,0.177,0.875,0.318,0.409,7575625,6570.1,local vLLM,mixed,asyncodebench-v0.3-standard-100
Qwen3.6-27B,caid_manager,14,16,0.875,0.963378,0.958,0.125,8.131,2.902,0.2305,0.141,0.125,0.344,0.457,10871885,11777.7,local vLLM,mixed,asyncodebench-v0.3-standard-100
Gemma 4 26B-A4B,single,0,16,0.000,0.222,0.013,2.875,1.988,1.975,0.0125,0.000,0.000,,,554013,765.3,local vLLM,ddebb7d,asyncodebench-v0.3-standard-100
Gemma 4 26B-A4B,serial_specialists,0,16,0.000,0.222,0.021,2.875,7.875,7.758,0.0179,0.453,1.000,0.276,0.547,3105839,2659.5,local vLLM,ddebb7d,asyncodebench-v0.3-standard-100
Gemma 4 26B-A4B,async_private,0,16,0.000,0.156,0.013,2.875,10.925,10.900,0.0107,0.620,1.000,0.297,0.370,3073277,1589.2,local vLLM,ddebb7d,asyncodebench-v0.3-standard-100
Gemma 4 26B-A4B,caid_manager,0,16,0.000,0.260,0.013,2.875,10.800,10.525,0.0107,0.522,1.000,0.363,0.451,4854811,2779.9,local vLLM,ddebb7d,asyncodebench-v0.3-standard-100
