task,lane,release_status,broad_domain,fine_domain,implementation_languages,generated_or_interpreted_artifacts,specialists,dependency_points,successful_protocols_out_of_4,qwen_empirical_difficulty
cachetools,Commit0 official,official v0.3 community-preview,General SWE / framework,Caching and reusable utilities,Python,Python library behavior,2,5,4,Easy
deprecated,Commit0 official,official v0.3 community-preview,General SWE / framework,Decorators and documentation compatibility,Python,Python library behavior,2,3,3,Easy
portalocker,Commit0 official,official v0.3 community-preview,Systems / runtime / storage,OS file locking and concurrency,Python,Python library behavior,2,3,2,Medium
tinydb,Commit0 official,official v0.3 community-preview,Systems / runtime / storage,Embedded database and persistence,Python,Python library behavior,2,3,2,Medium
wcwidth,Commit0 official,official v0.3 community-preview,Systems / runtime / storage,Terminal and Unicode infrastructure,Python,Python library behavior,2,2,4,Easy
requests,Commit0 official,official v0.3 community-preview,Network / protocol,HTTP client and transport,Python,Python library behavior,3,3,1,Medium
simpy,Commit0 official,official v0.3 community-preview,Systems / runtime / storage,Discrete-event runtime,Python,Python library behavior,4,3,0,Hard
parsel,Commit0 official,official v0.3 community-preview,General SWE / framework,Parsing and query processing,Python,Python library behavior,3,2,1,Medium
filesystem_spec,Commit0 official,official v0.3 community-preview,Systems / runtime / storage,Filesystem and storage abstraction,Python,Python library behavior,3,2,1,Medium
marshmallow,Commit0 official,official v0.3 community-preview,General SWE / framework,Schema and serialization framework,Python,Python library behavior,3,3,1,Medium
graphene,Commit0 official,official v0.3 community-preview,General SWE / framework,Type-system and schema framework,Python,Python library behavior,3,3,1,Medium
imapclient,Commit0 official,official v0.3 community-preview,Network / protocol,IMAP protocol client,Python,Python library behavior,3,3,1,Medium
pexpect,Commit0 official,official v0.3 community-preview,Systems / runtime / storage,"Process, PTY, and asynchronous I/O",Python,Python library behavior,4,3,1,Medium
flask,Commit0 official,official v0.3 community-preview,General SWE / framework,Web application framework,Python,Python library behavior,4,3,0,Hard
python-rsa,Commit0 official,official v0.3 community-preview,Security / cryptography,Public-key cryptography,Python,Python library behavior,4,3,3,Easy
cookiecutter,Commit0 official,official v0.3 community-preview,General SWE / framework,Developer tooling and workflow automation,Python,Python library behavior,4,3,1,Medium
apache-tvm-20073,TVM candidate,pending human review; official_result_eligible=false,Compiler / IR engineering,"Source spans across IRBuilder, parser, evaluator, and TIRx",Python + C++,TVMScript/TIRx IR and source-span metadata,3,2,0,Hard
apache-tvm-20107,TVM candidate,pending human review; official_result_eligible=false,Compiler / IR engineering,Generic Script signatures with Relax/TIRx parser-printer fan-out,Python + C++,"TVMScript, Relax IR, and TIRx IR",3,2,0,Hard
apache-tvm-20153,TVM candidate,pending human review; official_result_eligible=false,Compiler / IR engineering,"PTX dialect schema, lowering, and rendering",Python,TIRx IR and PTX assembly text,3,2,0,Hard
apache-tvm-20018,TVM candidate,pending human review; official_result_eligible=false,Compiler / IR engineering,"Return IR schema, TVMScript surface, lowering, and target emission",Python + C++,"TIRx IR, TVMScript, LLVM IR, and C target code",3,2,1,Medium
