model,task,protocol,run_id,run_dir,bundle_status,official_aggregate_eligible,final_success,final_pass_rate,final_tests_passed,final_tests_collected,evaluation_failure_kind,dependency_count,resolved_dependency_count,unresolved_dependency_count,ADPR,penalized_DRS,penalized_CAIL,DRE,checkpoint_count,FSAR,IFR,SVR,MRR,total_tokens,runtime_seconds,benchmark_revision,generation_configuration_sha256,execution_profile
Qwen3.6-27B,cachetools,single,oh1292_standard100_ddebb7d_r01,reproductions/async-swe-agents/outputs/asyncodebench/v0.3/qwen36-27/cachetools/single/oh1292_standard100_ddebb7d_r01,valid,True,True,1.0,215,215,,5,5,0,1.0,1.0,0.0,1.0,1,0.0,0.0,,,1349839,851.19817,ddebb7d7b18c12eba63275df4c8b7350af392c69,c502389667004bd9d7e04a8937c2cf08e7827905c212ce6274ade62690ad1d6b,asyncodebench-v0.3-standard-100
Qwen3.6-27B,cachetools,serial_specialists,oh1292_standard100_ddebb7d_r01,reproductions/async-swe-agents/outputs/asyncodebench/v0.3/qwen36-27/cachetools/serial_specialists/oh1292_standard100_ddebb7d_r01,valid,True,True,1.0,215,215,,5,5,0,1.0,3.6,1.6,0.48000000000000004,5,0.0,0.0,0.0,,652635,1673.873482,ddebb7d7b18c12eba63275df4c8b7350af392c69,c502389667004bd9d7e04a8937c2cf08e7827905c212ce6274ade62690ad1d6b,asyncodebench-v0.3-standard-100
Qwen3.6-27B,cachetools,async_private,oh1292_standard100_ddebb7d_r01,reproductions/async-swe-agents/outputs/asyncodebench/v0.3/qwen36-27/cachetools/async_private/oh1292_standard100_ddebb7d_r01,valid,True,True,1.0,215,215,,5,5,0,1.0,3.6,1.6,0.6285714285714286,7,0.0,0.0,0.0,,1119763,1228.452896,ddebb7d7b18c12eba63275df4c8b7350af392c69,c502389667004bd9d7e04a8937c2cf08e7827905c212ce6274ade62690ad1d6b,asyncodebench-v0.3-standard-100
Qwen3.6-27B,cachetools,caid_manager,oh1292_standard100_ddebb7d_r01,reproductions/async-swe-agents/outputs/asyncodebench/v0.3/qwen36-27/cachetools/caid_manager/oh1292_standard100_ddebb7d_r01,valid,True,True,1.0,215,215,,5,5,0,1.0,3.6,1.6,0.48000000000000004,5,0.0,0.0,0.0,,1378242,2888.839461,ddebb7d7b18c12eba63275df4c8b7350af392c69,c502389667004bd9d7e04a8937c2cf08e7827905c212ce6274ade62690ad1d6b,asyncodebench-v0.3-standard-100
Qwen3.6-27B,deprecated,single,oh1292_standard100_3d110b2_r01,reproductions/async-swe-agents/outputs/asyncodebench/v0.3/qwen36-27/deprecated/single/oh1292_standard100_3d110b2_r01,valid,True,True,1.0,171,171,,3,3,0,1.0,1.0,0.0,1.0,1,0.0,0.0,,,1671061,4081.299811,3d110b25df70adfe71b8ce06c259336691866377,ca02abdfcddcd75f0802fd421972d3e05725fca174b6118dc64d1b8089c3c7ed,asyncodebench-v0.3-standard-100
Qwen3.6-27B,deprecated,serial_specialists,oh1292_standard100_3d110b2_r01,reproductions/async-swe-agents/outputs/asyncodebench/v0.3/qwen36-27/deprecated/serial_specialists/oh1292_standard100_3d110b2_r01,valid,True,True,1.0,171,171,,3,3,0,1.0,4.0,1.3333333333333333,0.4,5,0.0,0.0,0.0,,1499775,1656.526213,3d110b25df70adfe71b8ce06c259336691866377,ca02abdfcddcd75f0802fd421972d3e05725fca174b6118dc64d1b8089c3c7ed,asyncodebench-v0.3-standard-100
Qwen3.6-27B,deprecated,async_private,oh1292_standard100_3d110b2_r01,reproductions/async-swe-agents/outputs/asyncodebench/v0.3/qwen36-27/deprecated/async_private/oh1292_standard100_3d110b2_r01,valid,True,False,0.6900584795321637,118,171,,3,1,2,0.3333333333333333,6.666666666666667,0.0,0.19047619047619047,7,0.0,1.0,0.5,,1524566,1652.764842,3d110b25df70adfe71b8ce06c259336691866377,ca02abdfcddcd75f0802fd421972d3e05725fca174b6118dc64d1b8089c3c7ed,asyncodebench-v0.3-standard-100
Qwen3.6-27B,deprecated,caid_manager,oh1292_standard100_3d110b2_r01,reproductions/async-swe-agents/outputs/asyncodebench/v0.3/qwen36-27/deprecated/caid_manager/oh1292_standard100_3d110b2_r01,valid,True,True,1.0,171,171,,3,3,0,1.0,4.0,1.3333333333333333,0.4,5,0.0,0.0,0.0,,2569891,4912.570438,3d110b25df70adfe71b8ce06c259336691866377,ca02abdfcddcd75f0802fd421972d3e05725fca174b6118dc64d1b8089c3c7ed,asyncodebench-v0.3-standard-100
Qwen3.6-27B,portalocker,single,oh1292_standard100_endpointfix_3d110b2_r05,reproductions/async-swe-agents/outputs/asyncodebench/v0.3/qwen36-27/portalocker/single/oh1292_standard100_endpointfix_3d110b2_r05,valid,True,True,1.0,40,40,,3,3,0,1.0,1.0,0.0,1.0,1,0.0,0.0,,,2380328,3265.666721,3d110b25df70adfe71b8ce06c259336691866377,ca02abdfcddcd75f0802fd421972d3e05725fca174b6118dc64d1b8089c3c7ed,asyncodebench-v0.3-standard-100
Qwen3.6-27B,portalocker,serial_specialists,oh1292_standard100_endpointfix_3d110b2_r05,reproductions/async-swe-agents/outputs/asyncodebench/v0.3/qwen36-27/portalocker/serial_specialists/oh1292_standard100_endpointfix_3d110b2_r05,valid,True,False,0.725,29,40,,3,2,1,0.6666666666666666,4.666666666666667,2.3333333333333335,0.26666666666666666,5,0.0,1.0,0.0,1.0,2208264,7799.292804,3d110b25df70adfe71b8ce06c259336691866377,ca02abdfcddcd75f0802fd421972d3e05725fca174b6118dc64d1b8089c3c7ed,asyncodebench-v0.3-standard-100
Qwen3.6-27B,portalocker,async_private,oh1292_standard100_endpointfix_3d110b2_r05,reproductions/async-swe-agents/outputs/asyncodebench/v0.3/qwen36-27/portalocker/async_private/oh1292_standard100_endpointfix_3d110b2_r05,valid,True,False,0.2,8,40,,3,0,3,0.0,8,2.3333333333333335,0.0,7,0.0,1.0,1.0,,6264397,31928.985232,3d110b25df70adfe71b8ce06c259336691866377,ca02abdfcddcd75f0802fd421972d3e05725fca174b6118dc64d1b8089c3c7ed,asyncodebench-v0.3-standard-100
Qwen3.6-27B,portalocker,caid_manager,oh1292_standard100_endpointfix_3d110b2_r05,reproductions/async-swe-agents/outputs/asyncodebench/v0.3/qwen36-27/portalocker/caid_manager/oh1292_standard100_endpointfix_3d110b2_r05,valid,True,True,1.0,40,40,,3,3,0,1.0,7.0,2.6666666666666665,0.1428571428571429,7,0.3333333333333333,0.0,0.6666666666666666,0.0,7355467,40740.621826,3d110b25df70adfe71b8ce06c259336691866377,ca02abdfcddcd75f0802fd421972d3e05725fca174b6118dc64d1b8089c3c7ed,asyncodebench-v0.3-standard-100
Qwen3.6-27B,tinydb,single,oh1292_standard100_endpointfix_3d110b2_r05,reproductions/async-swe-agents/outputs/asyncodebench/v0.3/qwen36-27/tinydb/single/oh1292_standard100_endpointfix_3d110b2_r05,valid,True,True,0.9950248756218906,200,201,,3,3,0,1.0,1.0,0.0,1.0,1,0.0,0.0,,,3166956,4460.255347,3d110b25df70adfe71b8ce06c259336691866377,ca02abdfcddcd75f0802fd421972d3e05725fca174b6118dc64d1b8089c3c7ed,asyncodebench-v0.3-standard-100
Qwen3.6-27B,tinydb,serial_specialists,oh1292_standard100_endpointfix_3d110b2_r05,reproductions/async-swe-agents/outputs/asyncodebench/v0.3/qwen36-27/tinydb/serial_specialists/oh1292_standard100_endpointfix_3d110b2_r05,valid,True,False,0.9850746268656716,198,201,,3,3,0,1.0,4.0,0.6666666666666666,0.4,5,0.0,1.0,0.0,,3419700,6442.248791,3d110b25df70adfe71b8ce06c259336691866377,ca02abdfcddcd75f0802fd421972d3e05725fca174b6118dc64d1b8089c3c7ed,asyncodebench-v0.3-standard-100
Qwen3.6-27B,tinydb,async_private,oh1292_standard100_endpointfix_3d110b2_r05,reproductions/async-swe-agents/outputs/asyncodebench/v0.3/qwen36-27/tinydb/async_private/oh1292_standard100_endpointfix_3d110b2_r05,valid,True,False,0.21890547263681592,44,201,,3,0,3,0.0,8,3.0,0.0,7,0.5,1.0,0.5,0.0,5368452,3357.010659,3d110b25df70adfe71b8ce06c259336691866377,ca02abdfcddcd75f0802fd421972d3e05725fca174b6118dc64d1b8089c3c7ed,asyncodebench-v0.3-standard-100
Qwen3.6-27B,tinydb,caid_manager,oh1292_standard100_endpointfix_3d110b2_r05,reproductions/async-swe-agents/outputs/asyncodebench/v0.3/qwen36-27/tinydb/caid_manager/oh1292_standard100_endpointfix_3d110b2_r05,valid,True,True,0.9950248756218906,200,201,,3,3,0,1.0,4.0,1.0,0.4,5,0.0,0.0,0.0,,5075164,3816.492938,3d110b25df70adfe71b8ce06c259336691866377,ca02abdfcddcd75f0802fd421972d3e05725fca174b6118dc64d1b8089c3c7ed,asyncodebench-v0.3-standard-100
Qwen3.6-27B,wcwidth,single,oh1292_standard100_ddebb7d_r01,reproductions/async-swe-agents/outputs/asyncodebench/v0.3/qwen36-27/wcwidth/single/oh1292_standard100_ddebb7d_r01,valid,True,True,0.9487179487179487,37,39,,2,2,0,1.0,1.0,0.0,1.0,1,0.0,0.0,,,3339314,6917.549473,e57a4a8f38908217d515a16af48048a7c1a61ede,14a6bec9d334f3678e6b0074e8144965a22d0c33ff4f99450962d4d8543e9021,asyncodebench-v0.3-standard-100
Qwen3.6-27B,wcwidth,serial_specialists,oh1292_standard100_ddebb7d_r01,reproductions/async-swe-agents/outputs/asyncodebench/v0.3/qwen36-27/wcwidth/serial_specialists/oh1292_standard100_ddebb7d_r01,valid,True,True,0.9487179487179487,37,39,,2,2,0,1.0,4.0,0.0,0.4,5,0.0,0.0,0.0,,2191503,6407.475922,3d110b25df70adfe71b8ce06c259336691866377,14a6bec9d334f3678e6b0074e8144965a22d0c33ff4f99450962d4d8543e9021,asyncodebench-v0.3-standard-100
Qwen3.6-27B,wcwidth,async_private,oh1292_standard100_ddebb7d_r01,reproductions/async-swe-agents/outputs/asyncodebench/v0.3/qwen36-27/wcwidth/async_private/oh1292_standard100_ddebb7d_r01,valid,True,True,0.9487179487179487,37,39,,2,2,0,1.0,4.0,0.0,0.5714285714285714,7,0.0,0.0,0.0,,5441742,5393.208961,3d110b25df70adfe71b8ce06c259336691866377,14a6bec9d334f3678e6b0074e8144965a22d0c33ff4f99450962d4d8543e9021,asyncodebench-v0.3-standard-100
Qwen3.6-27B,wcwidth,caid_manager,oh1292_standard100_ddebb7d_r01,reproductions/async-swe-agents/outputs/asyncodebench/v0.3/qwen36-27/wcwidth/caid_manager/oh1292_standard100_ddebb7d_r01,valid,True,True,0.9487179487179487,37,39,,2,2,0,1.0,4.0,0.0,0.4,5,0.0,0.0,0.0,,2301267,2975.915843,3d110b25df70adfe71b8ce06c259336691866377,14a6bec9d334f3678e6b0074e8144965a22d0c33ff4f99450962d4d8543e9021,asyncodebench-v0.3-standard-100
Qwen3.6-27B,requests,single,oh1292_standard100_ddebb7d_r01,reproductions/async-swe-agents/outputs/asyncodebench/v0.3/qwen36-27/requests/single/oh1292_standard100_ddebb7d_r01,valid,True,False,0.0,0,1,timeout,3,1,2,0.3333333333333333,1.6666666666666667,1.3333333333333333,0.3333333333333333,1,0.0,0.0,,,5800776,5975.918047,3d110b25df70adfe71b8ce06c259336691866377,14a6bec9d334f3678e6b0074e8144965a22d0c33ff4f99450962d4d8543e9021,asyncodebench-v0.3-standard-100
Qwen3.6-27B,requests,serial_specialists,oh1292_standard100_ddebb7d_r01,reproductions/async-swe-agents/outputs/asyncodebench/v0.3/qwen36-27/requests/serial_specialists/oh1292_standard100_ddebb7d_r01,valid,True,False,0.0,0,1,timeout,3,1,2,0.3333333333333333,6.0,5.333333333333333,0.28571428571428575,7,0.0,1.0,0.0,1.0,7814480,7765.005414,3d110b25df70adfe71b8ce06c259336691866377,14a6bec9d334f3678e6b0074e8144965a22d0c33ff4f99450962d4d8543e9021,asyncodebench-v0.3-standard-100
Qwen3.6-27B,requests,async_private,oh1292_standard100_ddebb7d_r01,reproductions/async-swe-agents/outputs/asyncodebench/v0.3/qwen36-27/requests/async_private/oh1292_standard100_ddebb7d_r01,valid,True,False,0.8641975308641975,210,243,,3,1,2,0.3333333333333333,8.0,6.666666666666667,0.3,10,0.0,1.0,0.0,1.0,7066393,5000.528625,3d110b25df70adfe71b8ce06c259336691866377,14a6bec9d334f3678e6b0074e8144965a22d0c33ff4f99450962d4d8543e9021,asyncodebench-v0.3-standard-100
Qwen3.6-27B,requests,caid_manager,oh1292_standard100_ddebb7d_r01,reproductions/async-swe-agents/outputs/asyncodebench/v0.3/qwen36-27/requests/caid_manager/oh1292_standard100_ddebb7d_r01,valid,True,True,0.9465020576131687,230,243,,3,3,0,1.0,9.333333333333334,0.6666666666666666,0.24242424242424243,11,0.2,0.0,0.4,0.5,12264105,13581.338381,3d110b25df70adfe71b8ce06c259336691866377,14a6bec9d334f3678e6b0074e8144965a22d0c33ff4f99450962d4d8543e9021,asyncodebench-v0.3-standard-100
Qwen3.6-27B,simpy,single,oh1292_standard100_endpointfix_3d110b2_r05,reproductions/async-swe-agents/outputs/asyncodebench/v0.3/qwen36-27/simpy/single/oh1292_standard100_endpointfix_3d110b2_r05,valid,True,False,0.7133333333333334,107,150,,3,1,2,0.3333333333333333,1.6666666666666667,1.0,0.3333333333333333,1,0.0,0.0,,,5962189,3445.385902,3d110b25df70adfe71b8ce06c259336691866377,ca02abdfcddcd75f0802fd421972d3e05725fca174b6118dc64d1b8089c3c7ed,asyncodebench-v0.3-standard-100
Qwen3.6-27B,simpy,serial_specialists,oh1292_standard100_endpointfix_3d110b2_r05,reproductions/async-swe-agents/outputs/asyncodebench/v0.3/qwen36-27/simpy/serial_specialists/oh1292_standard100_endpointfix_3d110b2_r05,valid,True,False,0.9,135,150,,3,3,0,1.0,6.0,2.0,0.4444444444444445,9,0.0,1.0,0.0,1.0,10850691,18977.275136,3d110b25df70adfe71b8ce06c259336691866377,ca02abdfcddcd75f0802fd421972d3e05725fca174b6118dc64d1b8089c3c7ed,asyncodebench-v0.3-standard-100
Qwen3.6-27B,simpy,async_private,oh1292_standard100_endpointfix_3d110b2_r05,reproductions/async-swe-agents/outputs/asyncodebench/v0.3/qwen36-27/simpy/async_private/oh1292_standard100_endpointfix_3d110b2_r05,valid,True,False,0.56,84,150,,3,0,3,0.0,14,3.6666666666666665,0.0,13,0.25,1.0,0.5,0.0,9952563,10052.939505,3d110b25df70adfe71b8ce06c259336691866377,ca02abdfcddcd75f0802fd421972d3e05725fca174b6118dc64d1b8089c3c7ed,asyncodebench-v0.3-standard-100
Qwen3.6-27B,simpy,caid_manager,oh1292_standard100_endpointfix_3d110b2_r05,reproductions/async-swe-agents/outputs/asyncodebench/v0.3/qwen36-27/simpy/caid_manager/oh1292_standard100_endpointfix_3d110b2_r05,valid,True,False,0.82,123,150,,3,2,1,0.6666666666666666,13.333333333333334,7.666666666666667,0.051282051282051246,13,0.16666666666666666,1.0,0.6666666666666666,0.0,10642491,16821.387205,3d110b25df70adfe71b8ce06c259336691866377,ca02abdfcddcd75f0802fd421972d3e05725fca174b6118dc64d1b8089c3c7ed,asyncodebench-v0.3-standard-100
Qwen3.6-27B,parsel,single,oh1292_standard100_ddebb7d_r01,reproductions/async-swe-agents/outputs/asyncodebench/v0.3/qwen36-27/parsel/single/oh1292_standard100_ddebb7d_r01,valid,True,False,0.19230769230769232,40,208,,2,0,2,0.0,2,2,0.0,1,0.0,0.0,,,1975813,1269.188321,3d110b25df70adfe71b8ce06c259336691866377,14a6bec9d334f3678e6b0074e8144965a22d0c33ff4f99450962d4d8543e9021,asyncodebench-v0.3-standard-100
Qwen3.6-27B,parsel,serial_specialists,oh1292_standard100_ddebb7d_r01,reproductions/async-swe-agents/outputs/asyncodebench/v0.3/qwen36-27/parsel/serial_specialists/oh1292_standard100_ddebb7d_r01,valid,True,False,0.11538461538461539,24,208,,2,0,2,0.0,8,1.0,0.0,7,0.0,1.0,0.6666666666666666,,4819230,4446.985555,3d110b25df70adfe71b8ce06c259336691866377,14a6bec9d334f3678e6b0074e8144965a22d0c33ff4f99450962d4d8543e9021,asyncodebench-v0.3-standard-100
Qwen3.6-27B,parsel,async_private,oh1292_standard100_ddebb7d_r01,reproductions/async-swe-agents/outputs/asyncodebench/v0.3/qwen36-27/parsel/async_private/oh1292_standard100_ddebb7d_r01,valid,True,False,0.1875,39,208,,2,0,2,0.0,11,9.0,0.0,10,0.3333333333333333,1.0,0.3333333333333333,0.0,6730459,3573.768886,3d110b25df70adfe71b8ce06c259336691866377,14a6bec9d334f3678e6b0074e8144965a22d0c33ff4f99450962d4d8543e9021,asyncodebench-v0.3-standard-100
Qwen3.6-27B,parsel,caid_manager,oh1292_standard100_ddebb7d_r01,reproductions/async-swe-agents/outputs/asyncodebench/v0.3/qwen36-27/parsel/caid_manager/oh1292_standard100_ddebb7d_r01,valid,True,True,0.9903846153846154,206,208,,2,2,0,1.0,7.0,3.0,0.1428571428571429,7,0.0,0.0,0.0,1.0,12718926,11860.034282,3d110b25df70adfe71b8ce06c259336691866377,14a6bec9d334f3678e6b0074e8144965a22d0c33ff4f99450962d4d8543e9021,asyncodebench-v0.3-standard-100
Qwen3.6-27B,filesystem_spec,single,oh1292_standard100_endpointfix_3d110b2_r05,reproductions/async-swe-agents/outputs/asyncodebench/v0.3/qwen36-27/filesystem_spec/single/oh1292_standard100_endpointfix_3d110b2_r05,valid,True,False,0.5714285714285714,80,140,,2,0,2,0.0,2,1.0,0.0,1,0.0,0.0,,,6543302,4193.417473,3d110b25df70adfe71b8ce06c259336691866377,ca02abdfcddcd75f0802fd421972d3e05725fca174b6118dc64d1b8089c3c7ed,asyncodebench-v0.3-standard-100
Qwen3.6-27B,filesystem_spec,serial_specialists,oh1292_standard100_endpointfix_3d110b2_r05,reproductions/async-swe-agents/outputs/asyncodebench/v0.3/qwen36-27/filesystem_spec/serial_specialists/oh1292_standard100_endpointfix_3d110b2_r05,valid,True,False,0.5357142857142857,75,140,,2,1,1,0.5,7.0,4.5,0.14285714285714285,7,0.0,1.0,0.0,1.0,11383083,10204.272325,3d110b25df70adfe71b8ce06c259336691866377,ca02abdfcddcd75f0802fd421972d3e05725fca174b6118dc64d1b8089c3c7ed,asyncodebench-v0.3-standard-100
Qwen3.6-27B,filesystem_spec,async_private,oh1292_standard100_endpointfix_3d110b2_r05,reproductions/async-swe-agents/outputs/asyncodebench/v0.3/qwen36-27/filesystem_spec/async_private/oh1292_standard100_endpointfix_3d110b2_r05,valid,True,False,0.04285714285714286,6,140,,2,0,2,0.0,11,10.5,0.0,10,0.6666666666666666,1.0,0.6666666666666666,0.0,7721177,5520.837806,3d110b25df70adfe71b8ce06c259336691866377,ca02abdfcddcd75f0802fd421972d3e05725fca174b6118dc64d1b8089c3c7ed,asyncodebench-v0.3-standard-100
Qwen3.6-27B,filesystem_spec,caid_manager,oh1292_standard100_endpointfix_3d110b2_r05,reproductions/async-swe-agents/outputs/asyncodebench/v0.3/qwen36-27/filesystem_spec/caid_manager/oh1292_standard100_endpointfix_3d110b2_r05,valid,True,True,0.9571428571428572,134,140,,2,2,0,1.0,5.5,2.5,0.35714285714285715,7,0.0,0.0,0.0,,6173906,9761.353636,3d110b25df70adfe71b8ce06c259336691866377,ca02abdfcddcd75f0802fd421972d3e05725fca174b6118dc64d1b8089c3c7ed,asyncodebench-v0.3-standard-100
Qwen3.6-27B,marshmallow,single,oh1292_standard100_endpointfix_3d110b2_r05,reproductions/async-swe-agents/outputs/asyncodebench/v0.3/qwen36-27/marshmallow/single/oh1292_standard100_endpointfix_3d110b2_r05,valid,True,False,0.2728013029315961,335,1228,,3,0,3,0.0,2,1.6666666666666667,0.0,1,0.0,0.0,,,6192220,4171.504419,6d2d1af74d09acd1376ca68d9df376c4fe5c0416,ca02abdfcddcd75f0802fd421972d3e05725fca174b6118dc64d1b8089c3c7ed,asyncodebench-v0.3-standard-100
Qwen3.6-27B,marshmallow,serial_specialists,oh1292_standard100_endpointfix_3d110b2_r05,reproductions/async-swe-agents/outputs/asyncodebench/v0.3/qwen36-27/marshmallow/serial_specialists/oh1292_standard100_endpointfix_3d110b2_r05,valid,True,False,0.25977198697068404,319,1228,,3,0,3,0.0,8,7.666666666666667,0.0,7,0.3333333333333333,1.0,0.3333333333333333,0.6666666666666666,11587213,8546.825247,6d2d1af74d09acd1376ca68d9df376c4fe5c0416,ca02abdfcddcd75f0802fd421972d3e05725fca174b6118dc64d1b8089c3c7ed,asyncodebench-v0.3-standard-100
Qwen3.6-27B,marshmallow,async_private,oh1292_standard100_endpointfix_3d110b2_r05,reproductions/async-swe-agents/outputs/asyncodebench/v0.3/qwen36-27/marshmallow/async_private/oh1292_standard100_endpointfix_3d110b2_r05,valid,True,False,0.0,0,1,collection_failed,3,0,3,0.0,11,10.666666666666666,0.0,10,0.0,1.0,0.0,1.0,10321612,4787.251664,6d2d1af74d09acd1376ca68d9df376c4fe5c0416,ca02abdfcddcd75f0802fd421972d3e05725fca174b6118dc64d1b8089c3c7ed,asyncodebench-v0.3-standard-100
Qwen3.6-27B,marshmallow,caid_manager,oh1292_standard100_endpointfix_3d110b2_r05,reproductions/async-swe-agents/outputs/asyncodebench/v0.3/qwen36-27/marshmallow/caid_manager/oh1292_standard100_endpointfix_3d110b2_r05,valid,True,True,1.0,1228,1228,,3,3,0,1.0,9.0,2.0,0.11111111111111116,9,0.25,0.0,0.5,0.6666666666666666,14889306,7975.876882,6d2d1af74d09acd1376ca68d9df376c4fe5c0416,ca02abdfcddcd75f0802fd421972d3e05725fca174b6118dc64d1b8089c3c7ed,asyncodebench-v0.3-standard-100
Qwen3.6-27B,graphene,single,oh1292_standard100_endpointfix_3d110b2_r05,reproductions/async-swe-agents/outputs/asyncodebench/v0.3/qwen36-27/graphene/single/oh1292_standard100_endpointfix_3d110b2_r05,valid,True,False,0.9322033898305084,55,59,,3,3,0,1.0,1.0,0.0,1.0,1,0.0,0.0,,,5691461,3040.219414,3d110b25df70adfe71b8ce06c259336691866377,ca02abdfcddcd75f0802fd421972d3e05725fca174b6118dc64d1b8089c3c7ed,asyncodebench-v0.3-standard-100
Qwen3.6-27B,graphene,serial_specialists,oh1292_standard100_endpointfix_3d110b2_r05,reproductions/async-swe-agents/outputs/asyncodebench/v0.3/qwen36-27/graphene/serial_specialists/oh1292_standard100_endpointfix_3d110b2_r05,valid,True,False,0.3559322033898305,21,59,,3,0,3,0.0,8,5.333333333333333,0.0,7,0.0,1.0,0.3333333333333333,,4471620,3880.287744,3d110b25df70adfe71b8ce06c259336691866377,ca02abdfcddcd75f0802fd421972d3e05725fca174b6118dc64d1b8089c3c7ed,asyncodebench-v0.3-standard-100
Qwen3.6-27B,graphene,async_private,oh1292_standard100_endpointfix_3d110b2_r05,reproductions/async-swe-agents/outputs/asyncodebench/v0.3/qwen36-27/graphene/async_private/oh1292_standard100_endpointfix_3d110b2_r05,valid,True,False,0.576271186440678,34,59,,3,0,3,0.0,11,6.666666666666667,0.0,10,0.3333333333333333,1.0,0.3333333333333333,0.5,8855372,5929.806061,3d110b25df70adfe71b8ce06c259336691866377,ca02abdfcddcd75f0802fd421972d3e05725fca174b6118dc64d1b8089c3c7ed,asyncodebench-v0.3-standard-100
Qwen3.6-27B,graphene,caid_manager,oh1292_standard100_endpointfix_3d110b2_r05,reproductions/async-swe-agents/outputs/asyncodebench/v0.3/qwen36-27/graphene/caid_manager/oh1292_standard100_endpointfix_3d110b2_r05,valid,True,True,0.9830508474576272,58,59,,3,3,0,1.0,11.0,6.0,0.09090909090909094,11,0.6,0.0,0.8,0.0,16429485,13935.780998,3d110b25df70adfe71b8ce06c259336691866377,ca02abdfcddcd75f0802fd421972d3e05725fca174b6118dc64d1b8089c3c7ed,asyncodebench-v0.3-standard-100
Qwen3.6-27B,imapclient,single,oh1292_standard100_ddebb7d_r01,reproductions/async-swe-agents/outputs/asyncodebench/v0.3/qwen36-27/imapclient/single/oh1292_standard100_ddebb7d_r01,valid,True,False,0.24890829694323144,57,229,,3,1,2,0.3333333333333333,1.6666666666666667,1.0,0.3333333333333333,1,0.0,0.0,,,6445246,4258.043055,3d110b25df70adfe71b8ce06c259336691866377,14a6bec9d334f3678e6b0074e8144965a22d0c33ff4f99450962d4d8543e9021,asyncodebench-v0.3-standard-100
Qwen3.6-27B,imapclient,serial_specialists,oh1292_standard100_ddebb7d_r01,reproductions/async-swe-agents/outputs/asyncodebench/v0.3/qwen36-27/imapclient/serial_specialists/oh1292_standard100_ddebb7d_r01,valid,True,False,0.35807860262008734,82,229,,3,1,2,0.3333333333333333,6.666666666666667,4.666666666666667,0.19047619047619047,7,0.0,1.0,0.0,1.0,10496711,7173.772793,3d110b25df70adfe71b8ce06c259336691866377,14a6bec9d334f3678e6b0074e8144965a22d0c33ff4f99450962d4d8543e9021,asyncodebench-v0.3-standard-100
Qwen3.6-27B,imapclient,async_private,oh1292_standard100_ddebb7d_r01,reproductions/async-swe-agents/outputs/asyncodebench/v0.3/qwen36-27/imapclient/async_private/oh1292_standard100_ddebb7d_r01,valid,True,False,0.0,0,1,timeout,3,1,2,0.3333333333333333,8.666666666666666,6.666666666666667,0.2333333333333333,10,0.0,1.0,0.0,1.0,8115886,5131.376137,3d110b25df70adfe71b8ce06c259336691866377,14a6bec9d334f3678e6b0074e8144965a22d0c33ff4f99450962d4d8543e9021,asyncodebench-v0.3-standard-100
Qwen3.6-27B,imapclient,caid_manager,oh1292_standard100_ddebb7d_r01,reproductions/async-swe-agents/outputs/asyncodebench/v0.3/qwen36-27/imapclient/caid_manager/oh1292_standard100_ddebb7d_r01,valid,True,True,1.0,229,229,,3,3,0,1.0,11.0,5.333333333333333,0.09090909090909094,11,0.0,0.0,0.8,1.0,10885375,16664.852822,3d110b25df70adfe71b8ce06c259336691866377,14a6bec9d334f3678e6b0074e8144965a22d0c33ff4f99450962d4d8543e9021,asyncodebench-v0.3-standard-100
Qwen3.6-27B,pexpect,single,oh1292_standard100_endpointfix_3d110b2_r05,reproductions/async-swe-agents/outputs/asyncodebench/v0.3/qwen36-27/pexpect/single/oh1292_standard100_endpointfix_3d110b2_r05,valid,True,False,0.0,0,1,timeout,3,0,3,0.0,2,2,0.0,1,0.0,0.0,,,6068804,5087.461257,3d110b25df70adfe71b8ce06c259336691866377,ca02abdfcddcd75f0802fd421972d3e05725fca174b6118dc64d1b8089c3c7ed,asyncodebench-v0.3-standard-100
Qwen3.6-27B,pexpect,serial_specialists,oh1292_standard100_endpointfix_3d110b2_r05,reproductions/async-swe-agents/outputs/asyncodebench/v0.3/qwen36-27/pexpect/serial_specialists/oh1292_standard100_endpointfix_3d110b2_r05,valid,True,False,0.06493506493506493,5,77,,3,0,3,0.0,10,9.0,0.0,9,0.25,1.0,0.25,0.5,13414608,9793.636426,3d110b25df70adfe71b8ce06c259336691866377,ca02abdfcddcd75f0802fd421972d3e05725fca174b6118dc64d1b8089c3c7ed,asyncodebench-v0.3-standard-100
Qwen3.6-27B,pexpect,async_private,oh1292_standard100_endpointfix_3d110b2_r05,reproductions/async-swe-agents/outputs/asyncodebench/v0.3/qwen36-27/pexpect/async_private/oh1292_standard100_endpointfix_3d110b2_r05,valid,True,False,0.24675324675324675,19,77,,3,0,3,0.0,14,0.0,0.0,13,0.25,1.0,0.5,0.0,11578752,5730.422471,3d110b25df70adfe71b8ce06c259336691866377,ca02abdfcddcd75f0802fd421972d3e05725fca174b6118dc64d1b8089c3c7ed,asyncodebench-v0.3-standard-100
Qwen3.6-27B,pexpect,caid_manager,oh1292_standard100_endpointfix_3d110b2_r05,reproductions/async-swe-agents/outputs/asyncodebench/v0.3/qwen36-27/pexpect/caid_manager/oh1292_standard100_endpointfix_3d110b2_r05,valid,True,True,1.0,77,77,,3,3,0,1.0,11.0,2.6666666666666665,0.09090909090909094,11,0.0,0.0,0.4,,15739204,8380.865695,3d110b25df70adfe71b8ce06c259336691866377,ca02abdfcddcd75f0802fd421972d3e05725fca174b6118dc64d1b8089c3c7ed,asyncodebench-v0.3-standard-100
Qwen3.6-27B,flask,single,oh1292_standard100_endpointfix_3d110b2_r05,reproductions/async-swe-agents/outputs/asyncodebench/v0.3/qwen36-27/flask/single/oh1292_standard100_endpointfix_3d110b2_r05,valid,True,False,0.09016393442622951,22,244,,3,0,3,0.0,2,2,0.0,1,0.0,0.0,,,6903600,4589.316312,3d110b25df70adfe71b8ce06c259336691866377,ca02abdfcddcd75f0802fd421972d3e05725fca174b6118dc64d1b8089c3c7ed,asyncodebench-v0.3-standard-100
Qwen3.6-27B,flask,serial_specialists,oh1292_standard100_endpointfix_3d110b2_r05,reproductions/async-swe-agents/outputs/asyncodebench/v0.3/qwen36-27/flask/serial_specialists/oh1292_standard100_endpointfix_3d110b2_r05,valid,True,False,0.1680327868852459,41,244,,3,0,3,0.0,10,10,0.0,9,0.25,1.0,0.25,0.5,16641787,14352.437701,3d110b25df70adfe71b8ce06c259336691866377,ca02abdfcddcd75f0802fd421972d3e05725fca174b6118dc64d1b8089c3c7ed,asyncodebench-v0.3-standard-100
Qwen3.6-27B,flask,async_private,oh1292_standard100_endpointfix_3d110b2_r05,reproductions/async-swe-agents/outputs/asyncodebench/v0.3/qwen36-27/flask/async_private/oh1292_standard100_endpointfix_3d110b2_r05,valid,True,False,0.1721311475409836,42,244,,3,0,3,0.0,14,14,0.0,13,0.25,1.0,0.25,0.5,13395041,6482.855357,3d110b25df70adfe71b8ce06c259336691866377,ca02abdfcddcd75f0802fd421972d3e05725fca174b6118dc64d1b8089c3c7ed,asyncodebench-v0.3-standard-100
Qwen3.6-27B,flask,caid_manager,oh1292_standard100_endpointfix_3d110b2_r05,reproductions/async-swe-agents/outputs/asyncodebench/v0.3/qwen36-27/flask/caid_manager/oh1292_standard100_endpointfix_3d110b2_r05,valid,True,False,0.8073770491803278,197,244,,3,2,1,0.6666666666666666,13.333333333333334,8.666666666666666,0.051282051282051246,13,0.5,1.0,0.6666666666666666,0.4,29328870,13725.475528,6d2d1af74d09acd1376ca68d9df376c4fe5c0416,ca02abdfcddcd75f0802fd421972d3e05725fca174b6118dc64d1b8089c3c7ed,asyncodebench-v0.3-standard-100
Qwen3.6-27B,python-rsa,single,oh1292_standard100_endpointfix_3d110b2_r05,reproductions/async-swe-agents/outputs/asyncodebench/v0.3/qwen36-27/python-rsa/single/oh1292_standard100_endpointfix_3d110b2_r05,valid,True,True,1.0,66,66,,3,3,0,1.0,1.0,0.0,1.0,1,0.0,0.0,,,4604170,4722.162837,3d110b25df70adfe71b8ce06c259336691866377,ca02abdfcddcd75f0802fd421972d3e05725fca174b6118dc64d1b8089c3c7ed,asyncodebench-v0.3-standard-100
Qwen3.6-27B,python-rsa,serial_specialists,oh1292_standard100_endpointfix_3d110b2_r05,reproductions/async-swe-agents/outputs/asyncodebench/v0.3/qwen36-27/python-rsa/serial_specialists/oh1292_standard100_endpointfix_3d110b2_r05,valid,True,True,1.0,66,66,,3,3,0,1.0,6.0,2.6666666666666665,0.4444444444444445,9,0.0,0.0,0.0,,6138247,5961.02521,3d110b25df70adfe71b8ce06c259336691866377,ca02abdfcddcd75f0802fd421972d3e05725fca174b6118dc64d1b8089c3c7ed,asyncodebench-v0.3-standard-100
Qwen3.6-27B,python-rsa,async_private,oh1292_standard100_endpointfix_3d110b2_r05,reproductions/async-swe-agents/outputs/asyncodebench/v0.3/qwen36-27/python-rsa/async_private/oh1292_standard100_endpointfix_3d110b2_r05,valid,True,False,0.6515151515151515,43,66,,3,1,2,0.3333333333333333,10.666666666666666,7.666666666666667,0.2564102564102564,13,0.0,1.0,0.25,,6195469,4245.184827,3d110b25df70adfe71b8ce06c259336691866377,ca02abdfcddcd75f0802fd421972d3e05725fca174b6118dc64d1b8089c3c7ed,asyncodebench-v0.3-standard-100
Qwen3.6-27B,python-rsa,caid_manager,oh1292_standard100_endpointfix_3d110b2_r05,reproductions/async-swe-agents/outputs/asyncodebench/v0.3/qwen36-27/python-rsa/caid_manager/oh1292_standard100_endpointfix_3d110b2_r05,valid,True,True,1.0,66,66,,3,3,0,1.0,7.666666666666667,0.6666666666666666,0.3939393939393939,11,0.2,0.0,0.4,0.0,11315041,6007.381628,3d110b25df70adfe71b8ce06c259336691866377,ca02abdfcddcd75f0802fd421972d3e05725fca174b6118dc64d1b8089c3c7ed,asyncodebench-v0.3-standard-100
Qwen3.6-27B,cookiecutter,single,oh1292_standard100_endpointfix_3d110b2_r05,reproductions/async-swe-agents/outputs/asyncodebench/v0.3/qwen36-27/cookiecutter/single/oh1292_standard100_endpointfix_3d110b2_r05,valid,True,False,0.5951219512195122,122,205,,3,0,3,0.0,2,2,0.0,1,0.0,0.0,,,7131842,4262.410732,3d110b25df70adfe71b8ce06c259336691866377,ca02abdfcddcd75f0802fd421972d3e05725fca174b6118dc64d1b8089c3c7ed,asyncodebench-v0.3-standard-100
Qwen3.6-27B,cookiecutter,serial_specialists,oh1292_standard100_endpointfix_3d110b2_r05,reproductions/async-swe-agents/outputs/asyncodebench/v0.3/qwen36-27/cookiecutter/serial_specialists/oh1292_standard100_endpointfix_3d110b2_r05,valid,True,False,0.775609756097561,159,205,,3,1,2,0.3333333333333333,9.333333333333334,8.0,0.07407407407407407,9,0.0,1.0,0.0,1.0,14258035,12759.681968,3d110b25df70adfe71b8ce06c259336691866377,ca02abdfcddcd75f0802fd421972d3e05725fca174b6118dc64d1b8089c3c7ed,asyncodebench-v0.3-standard-100
Qwen3.6-27B,cookiecutter,async_private,oh1292_standard100_endpointfix_3d110b2_r05,reproductions/async-swe-agents/outputs/asyncodebench/v0.3/qwen36-27/cookiecutter/async_private/oh1292_standard100_endpointfix_3d110b2_r05,valid,True,False,0.7804878048780488,160,205,,3,0,3,0.0,14,9.666666666666666,0.0,13,0.25,1.0,0.25,0.5,11558351,5106.496629,3d110b25df70adfe71b8ce06c259336691866377,ca02abdfcddcd75f0802fd421972d3e05725fca174b6118dc64d1b8089c3c7ed,asyncodebench-v0.3-standard-100
Qwen3.6-27B,cookiecutter,caid_manager,oh1292_standard100_endpointfix_3d110b2_r05,reproductions/async-swe-agents/outputs/asyncodebench/v0.3/qwen36-27/cookiecutter/caid_manager/oh1292_standard100_endpointfix_3d110b2_r05,valid,True,True,0.9658536585365853,198,205,,3,3,0,1.0,9.333333333333334,0.6666666666666666,0.24242424242424243,11,0.0,0.0,0.2,1.0,14883419,14394.51761,3d110b25df70adfe71b8ce06c259336691866377,ca02abdfcddcd75f0802fd421972d3e05725fca174b6118dc64d1b8089c3c7ed,asyncodebench-v0.3-standard-100
