task,broad_domain,specialists,dependency_points,single_success,single_pass_rate,single_ADPR,single_resolved_dependencies,single_unresolved_dependencies,single_DRS_penalized,single_CAIL_penalized,single_DRE,single_FSAR,single_IFR,single_SVR,single_MRR,single_tokens,single_runtime_seconds,serial_specialists_success,serial_specialists_pass_rate,serial_specialists_ADPR,serial_specialists_resolved_dependencies,serial_specialists_unresolved_dependencies,serial_specialists_DRS_penalized,serial_specialists_CAIL_penalized,serial_specialists_DRE,serial_specialists_FSAR,serial_specialists_IFR,serial_specialists_SVR,serial_specialists_MRR,serial_specialists_tokens,serial_specialists_runtime_seconds,async_private_success,async_private_pass_rate,async_private_ADPR,async_private_resolved_dependencies,async_private_unresolved_dependencies,async_private_DRS_penalized,async_private_CAIL_penalized,async_private_DRE,async_private_FSAR,async_private_IFR,async_private_SVR,async_private_MRR,async_private_tokens,async_private_runtime_seconds,caid_manager_success,caid_manager_pass_rate,caid_manager_ADPR,caid_manager_resolved_dependencies,caid_manager_unresolved_dependencies,caid_manager_DRS_penalized,caid_manager_CAIL_penalized,caid_manager_DRE,caid_manager_FSAR,caid_manager_IFR,caid_manager_SVR,caid_manager_MRR,caid_manager_tokens,caid_manager_runtime_seconds
cachetools,General SWE / framework,2,5,True,1,1,5,0,1,0,1,0,0,,,1349839,851.19817,True,1,1,5,0,3.6,1.6,0.48,0,0,0,,652635,1673.873482,True,1,1,5,0,3.6,1.6,0.628571428571,0,0,0,,1119763,1228.452896,True,1,1,5,0,3.6,1.6,0.48,0,0,0,,1378242,2888.839461
deprecated,General SWE / framework,2,3,True,1,1,3,0,1,0,1,0,0,,,1671061,4081.299811,True,1,1,3,0,4,1.33333333333,0.4,0,0,0,,1499775,1656.526213,False,0.690058479532,0.333333333333,1,2,6.66666666667,0,0.190476190476,0,1,0.5,,1524566,1652.764842,True,1,1,3,0,4,1.33333333333,0.4,0,0,0,,2569891,4912.570438
portalocker,Systems / runtime / storage,2,3,True,1,1,3,0,1,0,1,0,0,,,2380328,3265.666721,False,0.725,0.666666666667,2,1,4.66666666667,2.33333333333,0.266666666667,0,1,0,1,2208264,7799.292804,False,0.2,0,0,3,8,2.33333333333,0,0,1,1,,6264397,31928.985232,True,1,1,3,0,7,2.66666666667,0.142857142857,0.333333333333,0,0.666666666667,0,7355467,40740.621826
tinydb,Systems / runtime / storage,2,3,True,0.995024875622,1,3,0,1,0,1,0,0,,,3166956,4460.255347,False,0.985074626866,1,3,0,4,0.666666666667,0.4,0,1,0,,3419700,6442.248791,False,0.218905472637,0,0,3,8,3,0,0.5,1,0.5,0,5368452,3357.010659,True,0.995024875622,1,3,0,4,1,0.4,0,0,0,,5075164,3816.492938
wcwidth,Systems / runtime / storage,2,2,True,0.948717948718,1,2,0,1,0,1,0,0,,,3339314,6917.549473,True,0.948717948718,1,2,0,4,0,0.4,0,0,0,,2191503,6407.475922,True,0.948717948718,1,2,0,4,0,0.571428571429,0,0,0,,5441742,5393.208961,True,0.948717948718,1,2,0,4,0,0.4,0,0,0,,2301267,2975.915843
requests,Network / protocol,3,3,False,0,0.333333333333,1,2,1.66666666667,1.33333333333,0.333333333333,0,0,,,5800776,5975.918047,False,0,0.333333333333,1,2,6,5.33333333333,0.285714285714,0,1,0,1,7814480,7765.005414,False,0.864197530864,0.333333333333,1,2,8,6.66666666667,0.3,0,1,0,1,7066393,5000.528625,True,0.946502057613,1,3,0,9.33333333333,0.666666666667,0.242424242424,0.2,0,0.4,0.5,12264105,13581.338381
simpy,Systems / runtime / storage,4,3,False,0.713333333333,0.333333333333,1,2,1.66666666667,1,0.333333333333,0,0,,,5962189,3445.385902,False,0.9,1,3,0,6,2,0.444444444444,0,1,0,1,10850691,18977.275136,False,0.56,0,0,3,14,3.66666666667,0,0.25,1,0.5,0,9952563,10052.939505,False,0.82,0.666666666667,2,1,13.3333333333,7.66666666667,0.0512820512821,0.166666666667,1,0.666666666667,0,10642491,16821.387205
parsel,General SWE / framework,3,2,False,0.192307692308,0,0,2,2,2,0,0,0,,,1975813,1269.188321,False,0.115384615385,0,0,2,8,1,0,0,1,0.666666666667,,4819230,4446.985555,False,0.1875,0,0,2,11,9,0,0.333333333333,1,0.333333333333,0,6730459,3573.768886,True,0.990384615385,1,2,0,7,3,0.142857142857,0,0,0,1,12718926,11860.034282
filesystem_spec,Systems / runtime / storage,3,2,False,0.571428571429,0,0,2,2,1,0,0,0,,,6543302,4193.417473,False,0.535714285714,0.5,1,1,7,4.5,0.142857142857,0,1,0,1,11383083,10204.272325,False,0.0428571428571,0,0,2,11,10.5,0,0.666666666667,1,0.666666666667,0,7721177,5520.837806,True,0.957142857143,1,2,0,5.5,2.5,0.357142857143,0,0,0,,6173906,9761.353636
marshmallow,General SWE / framework,3,3,False,0.272801302932,0,0,3,2,1.66666666667,0,0,0,,,6192220,4171.504419,False,0.259771986971,0,0,3,8,7.66666666667,0,0.333333333333,1,0.333333333333,0.666666666667,11587213,8546.825247,False,0,0,0,3,11,10.6666666667,0,0,1,0,1,10321612,4787.251664,True,1,1,3,0,9,2,0.111111111111,0.25,0,0.5,0.666666666667,14889306,7975.876882
graphene,General SWE / framework,3,3,False,0.932203389831,1,3,0,1,0,1,0,0,,,5691461,3040.219414,False,0.35593220339,0,0,3,8,5.33333333333,0,0,1,0.333333333333,,4471620,3880.287744,False,0.576271186441,0,0,3,11,6.66666666667,0,0.333333333333,1,0.333333333333,0.5,8855372,5929.806061,True,0.983050847458,1,3,0,11,6,0.0909090909091,0.6,0,0.8,0,16429485,13935.780998
imapclient,Network / protocol,3,3,False,0.248908296943,0.333333333333,1,2,1.66666666667,1,0.333333333333,0,0,,,6445246,4258.043055,False,0.35807860262,0.333333333333,1,2,6.66666666667,4.66666666667,0.190476190476,0,1,0,1,10496711,7173.772793,False,0,0.333333333333,1,2,8.66666666667,6.66666666667,0.233333333333,0,1,0,1,8115886,5131.376137,True,1,1,3,0,11,5.33333333333,0.0909090909091,0,0,0.8,1,10885375,16664.852822
pexpect,Systems / runtime / storage,4,3,False,0,0,0,3,2,2,0,0,0,,,6068804,5087.461257,False,0.0649350649351,0,0,3,10,9,0,0.25,1,0.25,0.5,13414608,9793.636426,False,0.246753246753,0,0,3,14,0,0,0.25,1,0.5,0,11578752,5730.422471,True,1,1,3,0,11,2.66666666667,0.0909090909091,0,0,0.4,,15739204,8380.865695
flask,General SWE / framework,4,3,False,0.0901639344262,0,0,3,2,2,0,0,0,,,6903600,4589.316312,False,0.168032786885,0,0,3,10,10,0,0.25,1,0.25,0.5,16641787,14352.437701,False,0.172131147541,0,0,3,14,14,0,0.25,1,0.25,0.5,13395041,6482.855357,False,0.80737704918,0.666666666667,2,1,13.3333333333,8.66666666667,0.0512820512821,0.5,1,0.666666666667,0.4,29328870,13725.475528
python-rsa,Security / cryptography,4,3,True,1,1,3,0,1,0,1,0,0,,,4604170,4722.162837,True,1,1,3,0,6,2.66666666667,0.444444444444,0,0,0,,6138247,5961.02521,False,0.651515151515,0.333333333333,1,2,10.6666666667,7.66666666667,0.25641025641,0,1,0.25,,6195469,4245.184827,True,1,1,3,0,7.66666666667,0.666666666667,0.393939393939,0.2,0,0.4,0,11315041,6007.381628
cookiecutter,General SWE / framework,4,3,False,0.59512195122,0,0,3,2,2,0,0,0,,,7131842,4262.410732,False,0.775609756098,0.333333333333,1,2,9.33333333333,8,0.0740740740741,0,1,0,1,14258035,12759.681968,False,0.780487804878,0,0,3,14,9.66666666667,0,0.25,1,0.25,0.5,11558351,5106.496629,True,0.965853658537,1,3,0,9.33333333333,0.666666666667,0.242424242424,0,0,0.2,1,14883419,14394.51761
apache-tvm-20073,Compiler / IR engineering,3,2,False,0.821428571429,0,0,2,2,1.5,0,0,0,,,5943756,2639.5,False,0.821428571429,0,0,2,8,6.5,0,0.333333333333,1,0.333333333333,0.5,8640598,6648.2,False,0.821428571429,0,0,2,11,10.5,0,0.666666666667,1,0.333333333333,0,6969458,3416.9,False,0.821428571429,0,0,2,12,9,0,0.6,1,0.4,0,13601842,8422.2
apache-tvm-20107,Compiler / IR engineering,3,2,False,0.975806451613,0,0,2,2,2,0,0,0,,,6117398,3325.5,False,0.804794520548,0,0,2,8,7,0,0.333333333333,1,0,0.5,11929262,11998.6,False,0.992047713718,0,0,2,11,10,0,0.666666666667,1,0.333333333333,0,9436703,4165.6,False,0.992047713718,0,0,2,12,11,0,0.8,1,0.4,0,18569391,11784.3
apache-tvm-20153,Compiler / IR engineering,3,2,False,0.490196078431,0,0,2,2,1.5,0,0,0,,,6219769,3278.4,False,0.480392156863,0,0,2,8,3.5,0,0.333333333333,1,0.333333333333,0.5,11073908,11450,False,0.43137254902,0,0,2,11,10.5,0,0.666666666667,1,0.666666666667,0,9596206,4960,False,0.43137254902,0,0,2,12,2,0,0.6,1,0.8,0,16235770,10591.8
apache-tvm-20018,Compiler / IR engineering,3,2,False,0,0,0,2,2,2,0,0,0,,,6485251,2816.6,True,0.996178343949,1,2,0,5,2,0.428571428571,0,0,0,1,9052837,6369.2,False,0.991082802548,0.5,1,1,7.5,5,0.35,0.333333333333,1,0.333333333333,0,10557922,5059.2,False,0.988535031847,0,0,2,12,9.5,0,0.6,1,0,0.4,22056634,10881.4
